"","year","month","day","hour","minute","second","artistName","trackName","Popularity","danceability","energy","acousticness","instrumentalness","tempo","hype","mean_tempo","mean_hype"
"1","2020","10","26","16","01","00","Jack Johnson","Sunsets For Somebody Else",66,0.696,0.229,0.828,1.34e-05,113.273,18.053903832,113.273,24.4932367266667
"2","2020","10","26","16","15","00","Van Morrison","Into the Mystic - 2013 Remaster",72,0.608,0.524,0.367,0.00254,86.204,27.463904768,86.204,24.4932367266667
"3","2020","10","26","16","44","00","John Mayer","Daughters",68,0.674,0.413,0.836,1.95e-05,124.893,34.765465266,130.714333333333,24.4932367266667
"4","2020","10","26","16","56","00","Norah Jones","Carry On",64,0.547,0.216,0.924,0.214,79.941,9.445189032,79.941,24.4932367266667
"5","2020","10","26","20","50","00","Sixpence None The Richer","Kiss Me",76,0.526,0.749,0.023,1.76e-06,99.982,39.390308468,99.982,24.4932367266667
"6","2020","10","26","21","56","00","Ritt Momney","Put Your Records On",85,0.399,0.491,0.0563,0.00089,91.066,17.840648994,91.066,24.4932367266667
"7","2020","10","27","22","35","00","Ritt Momney","Put Your Records On",85,0.399,0.491,0.0563,0.00089,91.066,17.840648994,91.066,17.840648994
"8","2020","10","28","20","24","00","Sixpence None The Richer","Kiss Me",76,0.526,0.749,0.023,1.76e-06,99.982,39.390308468,99.982,31.439372668
"9","2020","10","28","21","15","00","Van Morrison","Into the Mystic - 2013 Remaster",72,0.608,0.524,0.367,0.00254,86.204,27.463904768,86.204,31.439372668
"10","2020","10","28","21","19","00","Van Morrison","Into the Mystic - 2013 Remaster",72,0.608,0.524,0.367,0.00254,86.204,27.463904768,86.204,31.439372668
"11","2020","10","29","02","15","00","John Mayer","Daughters",68,0.674,0.413,0.836,1.95e-05,124.893,34.765465266,130.714333333333,18.03416327775
"12","2020","10","29","02","32","00","Jack Johnson","Sunsets For Somebody Else",66,0.696,0.229,0.828,1.34e-05,113.273,18.053903832,113.273,18.03416327775
"13","2020","10","29","03","17","00","Norah Jones","Carry On",64,0.547,0.216,0.924,0.214,79.941,9.445189032,79.941,18.03416327775
"14","2020","10","29","03","26","00","Van Morrison","Into the Mystic - 2013 Remaster",72,0.608,0.524,0.367,0.00254,86.204,27.463904768,86.204,18.03416327775
"15","2020","10","29","17","41","00","The Paper Kites","Arms",60,0.41,0.141,0.931,0.0898,149.884,8.66479404,149.884,18.03416327775
"16","2020","10","29","17","55","00","Jason Isbell and the 400 Unit","If We Were Vampires",65,0.629,0.208,0.824,3.7e-06,96.609,12.639548688,96.609,18.03416327775
"17","2020","10","29","21","42","00","Alexander Martin Jazz Trio","Never Let Me Go",51,0.436,0.157,0.924,0.753,84.389,5.776595828,84.389,18.03416327775
"18","2020","10","29","22","45","00","Van Morrison","Into the Mystic - 2013 Remaster",72,0.608,0.524,0.367,0.00254,86.204,27.463904768,86.204,18.03416327775
"19","2020","10","30","23","00","00","Maggie Rogers","Light On",72,0.657,0.569,0.201,1.38e-05,102.054,38.151152982,102.054,38.151152982
"20","2020","10","31","23","20","00","Tame Impala","The Less I Know The Better",84,0.64,0.74,0.0115,0.00678,116.879,55.3538944,104.266333333333,55.3538944
"21","2020","11","01","01","24","00","Sixpence None The Richer","Kiss Me",76,0.526,0.749,0.023,1.76e-06,99.982,39.390308468,99.982,31.7940368146667
"22","2020","11","01","01","50","00","Ritt Momney","Put Your Records On",85,0.399,0.491,0.0563,0.00089,91.066,17.840648994,91.066,31.7940368146667
"23","2020","11","01","18","12","00","Maggie Rogers","Light On",72,0.657,0.569,0.201,1.38e-05,102.054,38.151152982,102.054,31.7940368146667
"24","2020","11","04","20","46","00","Maggie Rogers","Light On",72,0.657,0.569,0.201,1.38e-05,102.054,38.151152982,102.054,38.151152982
"25","2020","11","05","03","30","00","Van Morrison","Into the Mystic - 2013 Remaster",72,0.608,0.524,0.367,0.00254,86.204,27.463904768,86.204,24.2171677904
"26","2020","11","05","04","34","00","John Mayer","Daughters",68,0.674,0.413,0.836,1.95e-05,124.893,34.765465266,130.714333333333,24.2171677904
"27","2020","11","05","18","11","00","Matthew Halsall","Together",56,0.401,0.0236,0.978,0.579,110.519,1.0459076084,110.519,24.2171677904
"28","2020","11","05","18","48","00","Helge Lien Trio","Popkoral",41,0.367,0.116,0.95,0.832,134.488,5.725423136,134.488,24.2171677904
"29","2020","11","05","20","07","00","Maggie Rogers","Light On",72,0.657,0.569,0.201,1.38e-05,102.054,38.151152982,102.054,24.2171677904
"30","2020","11","05","23","29","00","Maggie Rogers","Light On",72,0.657,0.569,0.201,1.38e-05,102.054,38.151152982,102.054,24.2171677904
"31","2020","11","07","00","21","00","Peach Pit","Tommy's Party",68,0.565,0.438,0.122,0.0469,133.949,33.14835903,133.949,33.14835903
"32","2020","11","08","19","07","00","Matthew Halsall","Together",56,0.401,0.0236,0.978,0.579,110.519,1.0459076084,110.519,6.17913669464
"33","2020","11","08","19","16","00","Trygve Seim","Ciaccona per Embrik",46,0.302,0.0166,0.974,0.0714,69.904,0.3504427328,69.904,6.17913669464
"34","2020","11","08","20","00","00","Bill Charlap Trio","Uptown, Downtown",45,0.592,0.231,0.833,0.911,62.693,8.573393136,105.499,6.17913669464
"35","2020","11","08","20","39","00","Gabriel Latchin Trio","Polka Dots and Moonbeams",47,0.576,0.132,0.97,0.898,63.078,4.795946496,63.078,6.17913669464
"36","2020","11","08","21","02","00","Joshua Redman Quartet","Come What May",44,0.53,0.225,0.941,0.691,135.262,16.1299935,135.262,6.17913669464
"37","2020","11","09","18","53","00","Matthew Halsall","Together",56,0.401,0.0236,0.978,0.579,110.519,1.0459076084,110.519,1.0459076084
"38","2020","11","10","00","59","00","Maggie Rogers","Light On",72,0.657,0.569,0.201,1.38e-05,102.054,38.151152982,102.054,38.151152982
"39","2020","11","11","22","51","00","Maggie Rogers","Light On",72,0.657,0.569,0.201,1.38e-05,102.054,38.151152982,102.054,38.151152982
"40","2020","11","12","01","19","00","Sixpence None The Richer","Kiss Me",76,0.526,0.749,0.023,1.76e-06,99.982,39.390308468,99.982,21.560370951
"41","2020","11","12","19","37","00","Phoebe Bridgers","Kyoto (Copycat Killer Version)",50,0.149,0.299,0.92,0.00197,83.734,3.730433434,83.734,21.560370951
"42","2020","11","13","19","21","00","Phoebe Bridgers","Kyoto (Copycat Killer Version)",50,0.149,0.299,0.92,0.00197,83.734,3.730433434,83.734,3.607018013
"43","2020","11","13","20","55","00","Tingvall Trio","In Memory",47,0.416,0.111,0.836,0.702,101.84,4.70256384,101.84,3.607018013
"44","2020","11","13","21","14","00","Wynton Marsalis","Where or When",47,0.326,0.0575,0.99,0.887,127.397,2.388056765,127.397,3.607018013
"45","2020","11","14","21","34","00","Bill Charlap Trio","Spring Can Really Hang You Up The Most",46,0.386,0.0481,0.934,0.852,148.305,2.753519613,105.499,3.2419765235
"46","2020","11","14","22","44","00","Phoebe Bridgers","Kyoto (Copycat Killer Version)",50,0.149,0.299,0.92,0.00197,83.734,3.730433434,83.734,3.2419765235
"47","2020","11","15","00","29","00","Ritt Momney","Put Your Records On",85,0.399,0.491,0.0563,0.00089,91.066,17.840648994,91.066,13.2793817992
"48","2020","11","15","03","27","00","Maggie Rogers","Light On",72,0.657,0.569,0.201,1.38e-05,102.054,38.151152982,102.054,13.2793817992
"49","2020","11","15","18","21","00","Phoebe Bridgers","Kyoto (Copycat Killer Version)",50,0.149,0.299,0.92,0.00197,83.734,3.730433434,83.734,13.2793817992
"50","2020","11","15","21","03","00","McCoy Tyner","When Sunny Gets Blue",58,0.427,0.114,0.843,0.863,60.484,2.944240152,60.484,13.2793817992
"51","2020","11","15","23","32","00","Phoebe Bridgers","Kyoto (Copycat Killer Version)",50,0.149,0.299,0.92,0.00197,83.734,3.730433434,83.734,13.2793817992
"52","2020","11","16","17","44","00","Harry Styles","Adore You",86,0.676,0.771,0.0237,7e-06,99.048,51.623421408,99.048,19.6947627586667
"53","2020","11","16","18","10","00","Phoebe Bridgers","Kyoto (Copycat Killer Version)",50,0.149,0.299,0.92,0.00197,83.734,3.730433434,83.734,19.6947627586667
"54","2020","11","16","18","12","00","Phoebe Bridgers","Kyoto (Copycat Killer Version)",50,0.149,0.299,0.92,0.00197,83.734,3.730433434,83.734,19.6947627586667
"55","2020","11","19","23","27","00","Elton John","Rocket Man (I Think It's Going To Be A Long, Long Time)",80,0.601,0.532,0.432,6.25e-06,136.571,43.666118972,129.056,37.8859662128571
"56","2020","11","19","23","31","00","Eagles","Hotel California - 2013 Remaster",83,0.579,0.508,0.00574,0.000494,147.125,43.2741705,147.125,37.8859662128571
"57","2020","11","19","23","42","00","The Doobie Brothers","Listen to the Music",76,0.645,0.598,0.221,3.53e-06,105.929,40.85787459,105.929,37.8859662128571
"58","2020","11","19","23","43","00","The Rolling Stones","Wild Horses - 2009 Mix",71,0.432,0.389,0.687,0.0107,139.506,23.443704288,139.506,37.8859662128571
"59","2020","11","19","23","50","00","David Bowie","Heroes - 2017 Remaster",75,0.49,0.758,0.000671,0.484,112.114,41.64138188,112.114,37.8859662128571
"60","2020","11","19","23","50","00","Bee Gees","More Than A Woman - From ""Saturday Night Fever"" Soundtrack",79,0.601,0.703,0.175,8.4e-05,106.164,44.854608492,106.164,37.8859662128571
"61","2020","11","19","23","56","00","Van Morrison","Into the Mystic - 2013 Remaster",72,0.608,0.524,0.367,0.00254,86.204,27.463904768,86.204,37.8859662128571
"62","2020","11","20","01","38","00","Birdy","Tee Shirt - Soundtrack Version",59,0.684,0.341,0.837,2.69e-05,75.948,17.714415312,75.948,22.7877266913333
"63","2020","11","20","01","47","00","John Mayer","I Guess I Just Feel Like",71,0.556,0.528,0.615,0.0964,159.821,46.918331328,130.714333333333,22.7877266913333
"64","2020","11","20","23","04","00","Phoebe Bridgers","Kyoto (Copycat Killer Version)",50,0.149,0.299,0.92,0.00197,83.734,3.730433434,83.734,22.7877266913333
"65","2020","11","21","19","41","00","Ritt Momney","Put Your Records On",85,0.399,0.491,0.0563,0.00089,91.066,17.840648994,91.066,17.840648994
"66","2020","11","24","14","03","00","Sixpence None The Richer","Kiss Me",76,0.526,0.749,0.023,1.76e-06,99.982,39.390308468,99.982,34.5783721872
"67","2020","11","24","14","15","00","Snow Patrol","Chasing Cars",70,0.56,0.595,0.199,6.47e-05,104.011,34.6564652,104.011,34.5783721872
"68","2020","11","24","17","21","00","The Weeknd","Blinding Lights",94,0.514,0.73,0.00146,9.54e-05,171.005,64.1644961,171.005,34.5783721872
"69","2020","11","24","21","41","00","Ritt Momney","Put Your Records On",85,0.399,0.491,0.0563,0.00089,91.066,17.840648994,91.066,34.5783721872
"70","2020","11","24","21","54","00","Band of Horses","No One's Gonna Love You (Stockholm Version)",55,0.599,0.198,0.953,0.000127,141.987,16.839942174,141.987,34.5783721872
"71","2020","11","28","20","31","00","Ritt Momney","Put Your Records On",85,0.399,0.491,0.0563,0.00089,91.066,17.840648994,91.066,22.719877797
"72","2020","11","28","21","37","00","Hozier","Movement",63,0.381,0.502,0.16,6.98e-05,144.3,27.5991066,114.724761904762,22.719877797
"73","2020","11","30","18","19","00","Ritt Momney","Put Your Records On",85,0.399,0.491,0.0563,0.00089,91.066,17.840648994,91.066,17.840648994
"74","2020","12","02","01","57","00","Phoebe Bridgers","Kyoto (Copycat Killer Version)",50,0.149,0.299,0.92,0.00197,83.734,3.730433434,83.734,3.730433434
"75","2020","12","02","20","53","00","Phoebe Bridgers","Kyoto (Copycat Killer Version)",50,0.149,0.299,0.92,0.00197,83.734,3.730433434,83.734,3.730433434
"76","2020","12","04","04","00","00","Harry Styles","Adore You",86,0.676,0.771,0.0237,7e-06,99.048,51.623421408,99.048,34.7642501414667
"77","2020","12","04","04","04","00","Harry Styles","Adore You",86,0.676,0.771,0.0237,7e-06,99.048,51.623421408,99.048,34.7642501414667
"78","2020","12","04","16","34","00","Matthew Halsall","Together",56,0.401,0.0236,0.978,0.579,110.519,1.0459076084,110.519,34.7642501414667
"79","2020","12","06","21","44","00","Phoebe Bridgers","Kyoto (Copycat Killer Version)",50,0.149,0.299,0.92,0.00197,83.734,3.730433434,83.734,3.730433434
"80","2020","12","07","01","28","00","Phoebe Bridgers","Kyoto (Copycat Killer Version)",50,0.149,0.299,0.92,0.00197,83.734,3.730433434,83.734,3.730433434
"81","2020","12","11","22","26","00","John Mayer","Daughters",68,0.674,0.413,0.836,1.95e-05,124.893,34.765465266,130.714333333333,22.4321157245
"82","2020","12","11","23","03","00","Van Morrison","Into the Mystic - 2013 Remaster",72,0.608,0.524,0.367,0.00254,86.204,27.463904768,86.204,22.4321157245
"83","2020","12","11","23","25","00","Norah Jones","Carry On",64,0.547,0.216,0.924,0.214,79.941,9.445189032,79.941,22.4321157245
"84","2020","12","11","23","40","00","Jack Johnson","Sunsets For Somebody Else",66,0.696,0.229,0.828,1.34e-05,113.273,18.053903832,113.273,22.4321157245
"85","2020","12","20","23","22","00","Phoebe Bridgers","Kyoto (Copycat Killer Version)",50,0.149,0.299,0.92,0.00197,83.734,3.730433434,83.734,3.730433434
"86","2020","12","21","23","35","00","The Weeknd","Blinding Lights",94,0.514,0.73,0.00146,9.54e-05,171.005,64.1644961,171.005,64.1644961
"87","2020","12","25","18","10","00","Van Morrison","Into the Mystic - 2013 Remaster",72,0.608,0.524,0.367,0.00254,86.204,27.463904768,86.204,18.6917792664
"88","2020","12","25","18","50","00","Jack Johnson","Sunsets For Somebody Else",66,0.696,0.229,0.828,1.34e-05,113.273,18.053903832,113.273,18.6917792664
"89","2020","12","25","19","30","00","Norah Jones","Carry On",64,0.547,0.216,0.924,0.214,79.941,9.445189032,79.941,18.6917792664
"90","2020","12","25","20","18","00","John Mayer","Daughters",68,0.674,0.413,0.836,1.95e-05,124.893,34.765465266,130.714333333333,18.6917792664
"91","2020","12","25","21","18","00","Phoebe Bridgers","Kyoto (Copycat Killer Version)",50,0.149,0.299,0.92,0.00197,83.734,3.730433434,83.734,18.6917792664
"92","2020","12","27","17","53","00","Jack Johnson","Sunsets For Somebody Else",66,0.696,0.229,0.828,1.34e-05,113.273,18.053903832,113.273,18.053903832
"93","2020","12","31","21","47","00","Harry Styles","Adore You",86,0.676,0.771,0.0237,7e-06,99.048,51.623421408,99.048,51.623421408
"94","2021","01","01","03","07","00","Ritt Momney","Put Your Records On",85,0.399,0.491,0.0563,0.00089,91.066,17.840648994,91.066,45.1400211261429
"95","2021","01","01","03","07","00","Foster The People","Pumped Up Kicks",84,0.733,0.71,0.145,0.115,127.975,66.60202925,112.498,45.1400211261429
"96","2021","01","01","06","33","00","Dua Lipa","Don't Start Now",42,0.726,0.588,0.00168,0.00814,114.988,49.086997344,114.988,45.1400211261429
"97","2021","01","01","06","52","00","Vampire Weekend","A-Punk",70,0.551,0.819,0.0103,0.0437,174.917,78.934619673,174.917,45.1400211261429
"98","2021","01","01","08","21","00","Ritt Momney","Put Your Records On",85,0.399,0.491,0.0563,0.00089,91.066,17.840648994,91.066,45.1400211261429
"99","2021","01","01","08","39","00","Troye Sivan","Easy (with Kacey Musgraves feat. Mark Ronson)",73,0.581,0.674,0.00187,3.01e-06,143.005,55.99989997,143.005,45.1400211261429
"100","2021","01","01","08","41","00","Shawn Mendes","Wonder",80,0.333,0.637,0.131,1.8e-05,139.898,29.675303658,139.898,45.1400211261429
"101","2021","01","02","17","57","00","Harry Styles","Adore You",86,0.676,0.771,0.0237,7e-06,99.048,51.623421408,99.048,51.623421408
"102","2021","01","04","17","59","00","Miley Cyrus","Midnight Sky",79,0.705,0.814,0.00115,0.00312,110,63.1257,110,63.1257
"103","2021","01","05","17","18","00","Harry Styles","Adore You",86,0.676,0.771,0.0237,7e-06,99.048,51.623421408,99.048,51.623421408
"104","2021","01","05","23","43","00","Harry Styles","Adore You",86,0.676,0.771,0.0237,7e-06,99.048,51.623421408,99.048,51.623421408
"105","2021","01","07","16","35","00","The Lumineers","Flowers in Your Hair",60,0.676,0.609,0.753,5.85e-05,127.45,52.4691258,93.1653333333333,40.3708455375
"106","2021","01","07","20","06","00","Weyes Blood","Andromeda",62,0.467,0.461,0.368,0.00115,131.325,28.272565275,131.325,40.3708455375
"107","2021","01","11","21","07","00","The Wrecks","Fvck Somebody",54,0.533,0.661,0.0239,2.45e-06,142.079,50.056278727,142.079,50.056278727
"108","2021","01","12","19","49","00","Harry Styles","Adore You",86,0.676,0.771,0.0237,7e-06,99.048,51.623421408,99.048,51.623421408
"109","2021","01","13","15","44","00","Phoebe Bridgers","Kyoto (Copycat Killer Version)",50,0.149,0.299,0.92,0.00197,83.734,3.730433434,83.734,8.43383862066667
"110","2021","01","13","21","25","00","Phoebe Bridgers","Kyoto (Copycat Killer Version)",50,0.149,0.299,0.92,0.00197,83.734,3.730433434,83.734,8.43383862066667
"111","2021","01","13","23","30","00","Ritt Momney","Put Your Records On",85,0.399,0.491,0.0563,0.00089,91.066,17.840648994,91.066,8.43383862066667
"112","2021","01","14","00","07","00","Mumford & Sons","Monster",49,0.553,0.46,0.35,0.199,144.011,36.63351818,144.011,35.1188958635
"113","2021","01","14","19","56","00","Ritt Momney","Put Your Records On",85,0.399,0.491,0.0563,0.00089,91.066,17.840648994,91.066,35.1188958635
"114","2021","01","14","20","50","00","Cold War Kids","Hang Me Up To Dry",56,0.507,0.918,0.0179,0.0012,92.39,43.00070814,92.39,35.1188958635
"115","2021","01","14","20","50","00","Cold War Kids","Hang Me Up To Dry",56,0.507,0.918,0.0179,0.0012,92.39,43.00070814,92.39,35.1188958635
"116","2021","01","15","06","06","00","Talking Heads","Once in a Lifetime - 2005 Remaster",70,0.644,0.919,0.181,0.134,117.459,69.516464724,117.459,69.516464724
"117","2021","01","21","22","38","00","The Japanese House","Dionne (feat. Justin Vernon)",60,0.313,0.727,0.37,0.00838,149.867,34.102385717,149.867,18.9164095755
"118","2021","01","21","23","14","00","Phoebe Bridgers","Kyoto (Copycat Killer Version)",50,0.149,0.299,0.92,0.00197,83.734,3.730433434,83.734,18.9164095755
"119","2021","01","23","16","26","00","Still Woozy","Window",71,0.714,0.483,0.436,2.3e-05,91.025,31.39106355,91.025,40.5809438525
"120","2021","01","23","16","35","00","Beach Bunny","Cloud 9",86,0.637,0.929,0.00167,2.62e-05,80.974,47.918226902,80.974,40.5809438525
"121","2021","01","23","19","34","00","Still Woozy","Window",71,0.714,0.483,0.436,2.3e-05,91.025,31.39106355,91.025,40.5809438525
"122","2021","01","23","20","36","00","Harry Styles","Adore You",86,0.676,0.771,0.0237,7e-06,99.048,51.623421408,99.048,40.5809438525
"123","2021","01","24","03","26","00","Still Woozy","Window",71,0.714,0.483,0.436,2.3e-05,91.025,31.39106355,91.025,35.8467970931667
"124","2021","01","24","04","15","00","Khruangbin","Texas Sun",74,0.635,0.631,0.0378,0.138,111.563,44.701620655,111.563,35.8467970931667
"125","2021","01","24","05","30","00","Foster The People","Sit Next to Me",73,0.638,0.738,0.117,0.000384,97.021,45.681755724,112.498,35.8467970931667
"126","2021","01","24","07","24","00","Glass Animals","Heat Waves",84,0.761,0.525,0.44,6.7e-06,80.87,32.30958675,80.87,35.8467970931667
"127","2021","01","24","08","30","00","The Strokes","Someday",67,0.542,0.531,0.0033,1.51e-06,105.97,30.49837794,105.97,35.8467970931667
"128","2021","01","24","08","30","00","The Strokes","Someday",67,0.542,0.531,0.0033,1.51e-06,105.97,30.49837794,105.97,35.8467970931667
"129","2021","01","25","00","20","00","Still Woozy","Window",71,0.714,0.483,0.436,2.3e-05,91.025,31.39106355,91.025,31.39106355
"130","2021","01","26","02","05","00","Still Woozy","Window",71,0.714,0.483,0.436,2.3e-05,91.025,31.39106355,91.025,18.14596116935
"131","2021","01","26","18","03","00","Fulton Street Players","Caithness",53,0.523,0.0833,0.758,0.699,112.493,4.9008587887,109.129,18.14596116935
"132","2021","01","27","23","26","00","Hozier","Movement",63,0.381,0.502,0.16,6.98e-05,144.3,27.5991066,114.724761904762,27.5991066
"133","2021","01","28","00","43","00","Maggie Rogers","Light On",72,0.657,0.569,0.201,1.38e-05,102.054,38.151152982,102.054,40.38854598
"134","2021","01","28","03","46","00","Harry Styles","Adore You",86,0.676,0.771,0.0237,7e-06,99.048,51.623421408,99.048,40.38854598
"135","2021","01","28","04","12","00","Still Woozy","Window",71,0.714,0.483,0.436,2.3e-05,91.025,31.39106355,91.025,40.38854598
"136","2021","01","29","20","31","00","Still Woozy","Window",71,0.714,0.483,0.436,2.3e-05,91.025,31.39106355,91.025,20.1380450154667
"137","2021","01","29","21","27","00","Greydon Park Band","Postcards",56,0.431,0.0434,0.934,0.253,94.182,1.7617119828,87.2865,20.1380450154667
"138","2021","01","29","21","34","00","Southside Players","Old Folks",52,0.285,0.26,0.882,0.941,181.757,13.4681937,181.757,20.1380450154667
"139","2021","01","29","22","19","00","Trois Amis","A Drawing of Nat",43,0.518,0.176,0.923,0.925,125.32,11.42517376,111.578333333333,20.1380450154667
"140","2021","01","29","22","37","00","Still Woozy","Window",71,0.714,0.483,0.436,2.3e-05,91.025,31.39106355,91.025,20.1380450154667
"141","2021","01","29","23","27","00","Still Woozy","Window",71,0.714,0.483,0.436,2.3e-05,91.025,31.39106355,91.025,20.1380450154667
"142","2021","01","30","03","26","00","Burt Mitchell","My Mistake",54,0.299,0.0927,0.976,0.86,94.891,2.6301223143,94.891,28.92695548446
"143","2021","01","30","03","33","00","Still Woozy","Window",71,0.714,0.483,0.436,2.3e-05,91.025,31.39106355,91.025,28.92695548446
"144","2021","01","30","03","58","00","Harry Styles","Adore You",86,0.676,0.771,0.0237,7e-06,99.048,51.623421408,99.048,28.92695548446
"145","2021","01","30","15","06","00","Hozier","Movement",63,0.381,0.502,0.16,6.98e-05,144.3,27.5991066,114.724761904762,28.92695548446
"146","2021","01","30","15","53","00","Still Woozy","Window",71,0.714,0.483,0.436,2.3e-05,91.025,31.39106355,91.025,28.92695548446
"147","2021","02","01","01","26","00","The Paper Kites","Arms",60,0.41,0.141,0.931,0.0898,149.884,8.66479404,149.884,16.8313877304
"148","2021","02","01","01","34","00","Mipso","People Change",28,0.374,0.276,0.884,0.0123,80.169,8.275364856,80.169,16.8313877304
"149","2021","02","01","01","37","00","Ira Wolf","Sunscreen",53,0.582,0.151,0.884,3.41e-05,136.758,12.018566556,136.758,16.8313877304
"150","2021","02","01","03","36","00","Hozier","Movement",63,0.381,0.502,0.16,6.98e-05,144.3,27.5991066,114.724761904762,16.8313877304
"151","2021","02","01","13","34","00","Hozier","Movement",63,0.381,0.502,0.16,6.98e-05,144.3,27.5991066,114.724761904762,16.8313877304
"152","2021","02","02","00","32","00","Hozier","Movement",63,0.381,0.502,0.16,6.98e-05,144.3,27.5991066,114.724761904762,9.5918416296
"153","2021","02","02","15","34","00","Hozier","Cherry Wine - Live",66,0.418,0.111,0.953,0.00342,82.508,3.828206184,114.724761904762,9.5918416296
"154","2021","02","02","15","34","00","Hozier","Cherry Wine - Live",59,0.415,0.11,0.951,0.00234,81.876,3.7376394,114.724761904762,9.5918416296
"155","2021","02","02","18","09","00","Elliott Smith","Angeles",58,0.531,0.102,0.857,0.279,118.111,6.397127982,118.111,9.5918416296
"156","2021","02","02","18","11","00","Elliott Smith","Angeles",58,0.531,0.102,0.857,0.279,118.111,6.397127982,118.111,9.5918416296
"157","2021","02","04","01","20","00","Still Woozy","Window",71,0.714,0.483,0.436,2.3e-05,91.025,31.39106355,91.025,21.704815053
"158","2021","02","04","23","13","00","Ira Wolf","Sunscreen",53,0.582,0.151,0.884,3.41e-05,136.758,12.018566556,136.758,21.704815053
"159","2021","02","06","03","30","00","Maggie Rogers","Light On",72,0.657,0.569,0.201,1.38e-05,102.054,38.151152982,102.054,19.8146337732
"160","2021","02","06","03","35","00","Hozier","Movement",63,0.381,0.502,0.16,6.98e-05,144.3,27.5991066,114.724761904762,19.8146337732
"161","2021","02","06","19","24","00","Ira Wolf","Sunscreen",53,0.582,0.151,0.884,3.41e-05,136.758,12.018566556,136.758,19.8146337732
"162","2021","02","06","20","34","00","Jason Isbell and the 400 Unit","If We Were Vampires",65,0.629,0.208,0.824,3.7e-06,96.609,12.639548688,96.609,19.8146337732
"163","2021","02","06","21","45","00","The Paper Kites","Arms",60,0.41,0.141,0.931,0.0898,149.884,8.66479404,149.884,19.8146337732
"164","2021","02","09","13","59","00","Harry Styles","Adore You",86,0.676,0.771,0.0237,7e-06,99.048,51.623421408,99.048,51.623421408
"165","2021","02","15","16","27","00","Still Woozy","Window",71,0.714,0.483,0.436,2.3e-05,91.025,31.39106355,91.025,31.39106355
"166","2021","02","19","21","20","00","The 1975","Robbers",67,0.621,0.692,0.000363,1.75e-05,99.806,42.889831992,99.806,42.889831992
"167","2021","02","22","19","34","00","The 1975","Robbers",67,0.621,0.692,0.000363,1.75e-05,99.806,42.889831992,99.806,42.889831992
"168","2021","02","23","18","54","00","Still Woozy","Window",71,0.714,0.483,0.436,2.3e-05,91.025,31.39106355,91.025,31.39106355
"169","2021","02","24","16","00","00","Hozier","Movement",63,0.381,0.502,0.16,6.98e-05,144.3,27.5991066,114.724761904762,27.5991066
"170","2021","02","24","21","33","00","Hozier","Movement",63,0.381,0.502,0.16,6.98e-05,144.3,27.5991066,114.724761904762,27.5991066
"171","2021","02","25","02","42","00","Elton John","Your Song",53,0.551,0.27,0.851,7.04e-06,128.221,19.07543817,129.056,19.07543817
"172","2021","02","25","22","08","00","Elton John","Your Song",53,0.551,0.27,0.851,7.04e-06,128.221,19.07543817,129.056,19.07543817
"173","2021","02","27","17","48","00","The 1975","Robbers",67,0.621,0.692,0.000363,1.75e-05,99.806,42.889831992,99.806,42.889831992
"174","2021","02","28","00","49","00","Ben Howard","What A Day - Edit",59,0.663,0.434,0.539,0.0732,136.018,39.138091356,136.018,39.138091356
"175","2021","03","02","22","03","00","Dan Auerbach","Never in My Wildest Dreams",63,0.559,0.466,0.315,0.0039,117.21,30.53250174,117.21,30.53250174
"176","2021","03","04","13","53","00","Hozier","Movement",63,0.381,0.502,0.16,6.98e-05,144.3,27.5991066,114.724761904762,13.1845762367667
"177","2021","03","04","20","22","00","Burt Mitchell","My Mistake",54,0.299,0.0927,0.976,0.86,94.891,2.6301223143,94.891,13.1845762367667
"178","2021","03","04","22","43","00","KTZ Players","Balladeering",52,0.527,0.148,0.883,0.762,119.551,9.324499796,119.551,13.1845762367667
"179","2021","03","06","22","33","00","Fulton Street Players","Easy",55,0.64,0.187,0.918,0.76,107.447,12.85925696,109.129,9.56881514826667
"180","2021","03","06","22","49","00","Greydon Park Band","Eternity",58,0.521,0.0568,0.952,0.229,80.391,2.3789947848,87.2865,9.56881514826667
"181","2021","03","06","23","04","00","Southside Players","Old Folks",52,0.285,0.26,0.882,0.941,181.757,13.4681937,181.757,9.56881514826667
"182","2021","03","07","03","59","00","Elton John","Your Song",53,0.551,0.27,0.851,7.04e-06,128.221,19.07543817,129.056,19.07543817
"183","2021","03","08","03","14","00","Long Island Quartet","HereÂ´s That Rainy Day",45,0.383,0.111,0.947,0.078,100.872,4.288371336,100.872,4.288371336
"184","2021","03","09","17","33","00","Trois Amis","A Drawing of Nat",43,0.518,0.176,0.923,0.925,125.32,11.42517376,111.578333333333,7.4257544242
"185","2021","03","09","17","52","00","Mino Conte & Co","Misty Morning",52,0.489,0.228,0.903,0.0912,73.636,8.209824912,73.636,7.4257544242
"186","2021","03","09","17","56","00","Greydon Park Band","Eternity",58,0.521,0.0568,0.952,0.229,80.391,2.3789947848,87.2865,7.4257544242
"187","2021","03","09","18","36","00","Green Trio","The Summer Rain",53,0.467,0.186,0.963,0.941,88.52,7.68902424,88.52,7.4257544242
"188","2021","03","10","00","45","00","Elton John","Your Song",53,0.551,0.27,0.851,7.04e-06,128.221,19.07543817,129.056,19.07543817
"189","2021","03","13","03","47","00","Elton John","Your Song",53,0.551,0.27,0.851,7.04e-06,128.221,19.07543817,129.056,19.07543817
"190","2021","03","14","16","29","00","Still Woozy","Window",71,0.714,0.483,0.436,2.3e-05,91.025,31.39106355,91.025,25.23325086
"191","2021","03","14","17","47","00","Elton John","Your Song",53,0.551,0.27,0.851,7.04e-06,128.221,19.07543817,129.056,25.23325086
"192","2021","03","15","18","57","00","Elton John","Your Song",53,0.551,0.27,0.851,7.04e-06,128.221,19.07543817,129.056,26.616018141
"193","2021","03","15","21","54","00","Black Pumas","Colors",66,0.546,0.696,0.0887,1.84e-05,89.882,34.156598112,89.882,26.616018141
"194","2021","03","16","20","00","00","Black Pumas","Colors",66,0.546,0.696,0.0887,1.84e-05,89.882,34.156598112,89.882,34.156598112
"195","2021","03","17","14","48","00","Black Pumas","Colors",66,0.546,0.696,0.0887,1.84e-05,89.882,34.156598112,89.882,34.156598112
"196","2021","03","17","17","37","00","Black Pumas","Colors",66,0.546,0.696,0.0887,1.84e-05,89.882,34.156598112,89.882,34.156598112
"197","2021","03","18","21","03","00","Hozier","Movement",63,0.381,0.502,0.16,6.98e-05,144.3,27.5991066,114.724761904762,35.244469296
"198","2021","03","18","22","58","00","The 1975","Robbers",67,0.621,0.692,0.000363,1.75e-05,99.806,42.889831992,99.806,35.244469296
"199","2021","03","19","01","04","00","Elton John","Your Song",53,0.551,0.27,0.851,7.04e-06,128.221,19.07543817,129.056,27.0179203104
"200","2021","03","19","01","11","00","Still Woozy","Window",71,0.714,0.483,0.436,2.3e-05,91.025,31.39106355,91.025,27.0179203104
"201","2021","03","19","18","55","00","Black Pumas","Colors",66,0.546,0.696,0.0887,1.84e-05,89.882,34.156598112,89.882,27.0179203104
"202","2021","03","19","19","10","00","Still Woozy","Window",71,0.714,0.483,0.436,2.3e-05,91.025,31.39106355,91.025,27.0179203104
"203","2021","03","19","22","59","00","Elton John","Your Song",53,0.551,0.27,0.851,7.04e-06,128.221,19.07543817,129.056,27.0179203104
"204","2021","03","20","01","32","00","Still Woozy","Window",71,0.714,0.483,0.436,2.3e-05,91.025,31.39106355,91.025,35.223986364
"205","2021","03","20","15","52","00","Still Woozy","Window",71,0.714,0.483,0.436,2.3e-05,91.025,31.39106355,91.025,35.223986364
"206","2021","03","20","15","56","00","The 1975","Robbers",67,0.621,0.692,0.000363,1.75e-05,99.806,42.889831992,99.806,35.223986364
"207","2021","03","21","19","55","00","Tame Impala","Borderline",78,0.621,0.873,0.0406,9.1e-06,97.96,53.10734868,104.266333333333,53.10734868
"208","2021","03","21","22","03","00","Tame Impala","Borderline",78,0.621,0.873,0.0406,9.1e-06,97.96,53.10734868,104.266333333333,53.10734868
"209","2021","03","23","23","29","00","The Neighbourhood","Daddy Issues",86,0.588,0.521,0.0678,0.149,85.012,26.043256176,96.7243,26.043256176
"210","2021","03","25","03","05","00","Bakar","1st Time",64,0.801,0.718,0.0932,0.0331,122.994,70.736063292,122.994,49.568668902
"211","2021","03","25","03","36","00","Goth Babe","I Wanna Help Your Mind",58,0.747,0.725,0.2,0.197,119.942,64.95758865,119.942,49.568668902
"212","2021","03","25","03","42","00","Jelani Aryeh","Stella Brown",66,0.724,0.48,0.211,0.0772,125.007,43.44243264,125.007,49.568668902
"213","2021","03","25","04","29","00","Still Woozy","Window",71,0.714,0.483,0.436,2.3e-05,91.025,31.39106355,91.025,49.568668902
"214","2021","03","25","04","53","00","Jelani Aryeh","Stella Brown",66,0.724,0.48,0.211,0.0772,125.007,43.44243264,125.007,49.568668902
"215","2021","03","25","23","41","00","Jelani Aryeh","Stella Brown",66,0.724,0.48,0.211,0.0772,125.007,43.44243264,125.007,49.568668902
"216","2021","03","26","20","38","00","Jelani Aryeh","Stella Brown",66,0.724,0.48,0.211,0.0772,125.007,43.44243264,125.007,35.378336889
"217","2021","03","26","22","12","00","Ryan Beatty","Evergreen",57,0.586,0.563,0.25,0.000687,82.791,27.314241138,82.791,35.378336889
"218","2021","03","28","18","52","00","The 1975","Robbers",67,0.621,0.692,0.000363,1.75e-05,99.806,42.889831992,99.806,42.889831992
"219","2021","03","29","01","09","00","Mandevilla","Winchester In Apple Blossom Time",58,0.415,0.126,0.962,0.77,177.535,9.28330515,177.535,12.50047674775
"220","2021","03","29","01","21","00","Southside Players","Old Folks",52,0.285,0.26,0.882,0.941,181.757,13.4681937,181.757,12.50047674775
"221","2021","03","29","02","29","00","Green Trio","The Summer Rain",53,0.467,0.186,0.963,0.941,88.52,7.68902424,88.52,12.50047674775
"222","2021","03","29","03","33","00","Mino Conte & Co","Misty Morning",52,0.489,0.228,0.903,0.0912,73.636,8.209824912,73.636,12.50047674775
"223","2021","03","29","03","39","00","Brandon's Three","desire strongly",52,0.465,0.0485,0.962,0.942,97.369,2.1959143725,97.369,12.50047674775
"224","2021","03","29","17","58","00","Black Pumas","Colors",66,0.546,0.696,0.0887,1.84e-05,89.882,34.156598112,89.882,12.50047674775
"225","2021","03","30","18","04","00","Still Woozy","Window",71,0.714,0.483,0.436,2.3e-05,91.025,31.39106355,91.025,18.46468400785
"226","2021","03","30","18","13","00","Black Pumas","Colors",66,0.546,0.696,0.0887,1.84e-05,89.882,34.156598112,89.882,18.46468400785
"227","2021","03","30","18","26","00","Still Woozy","Window",71,0.714,0.483,0.436,2.3e-05,91.025,31.39106355,91.025,18.46468400785
"228","2021","03","30","21","18","00","Greydon Park Band","Postcards",56,0.431,0.0434,0.934,0.253,94.182,1.7617119828,87.2865,18.46468400785
"229","2021","03","30","21","39","00","Burt Mitchell","My Mistake",54,0.299,0.0927,0.976,0.86,94.891,2.6301223143,94.891,18.46468400785
"230","2021","03","30","22","27","00","Low City Trio","Copley Plaza",48,0.369,0.247,0.872,0.546,103.766,9.457544538,103.766,18.46468400785
"231","2021","03","31","10","36","00","Still Woozy","Window",71,0.714,0.483,0.436,2.3e-05,91.025,31.39106355,91.025,32.773830831
"232","2021","03","31","19","37","00","Black Pumas","Colors",66,0.546,0.696,0.0887,1.84e-05,89.882,34.156598112,89.882,32.773830831
"233","2021","04","01","02","08","00","Black Pumas","Colors",66,0.546,0.696,0.0887,1.84e-05,89.882,34.156598112,89.882,32.773830831
"234","2021","04","01","22","15","00","Still Woozy","Window",71,0.714,0.483,0.436,2.3e-05,91.025,31.39106355,91.025,32.773830831
"235","2021","04","02","00","16","00","Black Pumas","Colors",66,0.546,0.696,0.0887,1.84e-05,89.882,34.156598112,89.882,29.639004717
"236","2021","04","02","15","40","00","Still Woozy","Window",71,0.714,0.483,0.436,2.3e-05,91.025,31.39106355,91.025,29.639004717
"237","2021","04","02","16","04","00","The Neighbourhood","Daddy Issues",86,0.588,0.521,0.0678,0.149,85.012,26.043256176,96.7243,29.639004717
"238","2021","04","02","20","17","00","Black Pumas","Colors",66,0.546,0.696,0.0887,1.84e-05,89.882,34.156598112,89.882,29.639004717
"239","2021","04","02","23","38","00","The Neighbourhood","Daddy Issues",86,0.588,0.521,0.0678,0.149,85.012,26.043256176,96.7243,29.639004717
"240","2021","04","02","23","59","00","The Neighbourhood","Daddy Issues",86,0.588,0.521,0.0678,0.149,85.012,26.043256176,96.7243,29.639004717
"241","2021","04","03","15","22","00","Black Pumas","Colors",66,0.546,0.696,0.0887,1.84e-05,89.882,34.156598112,89.882,31.4368789875
"242","2021","04","03","15","45","00","The Neighbourhood","Daddy Issues",86,0.588,0.521,0.0678,0.149,85.012,26.043256176,96.7243,31.4368789875
"243","2021","04","03","15","45","00","Black Pumas","Colors",66,0.546,0.696,0.0887,1.84e-05,89.882,34.156598112,89.882,31.4368789875
"244","2021","04","03","20","39","00","Still Woozy","Window",71,0.714,0.483,0.436,2.3e-05,91.025,31.39106355,91.025,31.4368789875
"245","2021","04","04","21","17","00","Still Woozy","Window",71,0.714,0.483,0.436,2.3e-05,91.025,31.39106355,91.025,30.530305946
"246","2021","04","04","21","57","00","Black Pumas","Colors",66,0.546,0.696,0.0887,1.84e-05,89.882,34.156598112,89.882,30.530305946
"247","2021","04","04","22","37","00","The Neighbourhood","Daddy Issues",86,0.588,0.521,0.0678,0.149,85.012,26.043256176,96.7243,30.530305946
"248","2021","04","05","17","31","00","Black Pumas","Colors",66,0.546,0.696,0.0887,1.84e-05,89.882,34.156598112,89.882,17.5465446994
"249","2021","04","05","19","22","00","Lia Riggs Trio","Somewhere Over the Rainbow",55,0.525,0.0166,0.977,0.955,99.393,0.866209995,99.393,17.5465446994
"250","2021","04","05","19","26","00","Baker St.","Slow Walk",47,0.526,0.165,0.845,0.891,97.472,8.45959488,97.472,17.5465446994
"251","2021","04","05","19","41","00","Fulton Street Players","Easy",55,0.64,0.187,0.918,0.76,107.447,12.85925696,109.129,17.5465446994
"252","2021","04","05","22","09","00","Still Woozy","Window",71,0.714,0.483,0.436,2.3e-05,91.025,31.39106355,91.025,17.5465446994
"253","2021","04","07","00","08","00","KTZ Players","Balladeering",52,0.527,0.148,0.883,0.762,119.551,9.324499796,119.551,8.2936964385
"254","2021","04","07","00","39","00","Southside Players","Old Folks",52,0.285,0.26,0.882,0.941,181.757,13.4681937,181.757,8.2936964385
"255","2021","04","07","00","53","00","Trois Amis","When You Are Around",59,0.559,0.194,0.909,0.852,84.095,9.11976637,111.578333333333,8.2936964385
"256","2021","04","07","22","56","00","Vincent Hall Trio","What The Heart Wants",58,0.408,0.0344,0.776,0.909,89.94,1.262325888,89.94,8.2936964385
"257","2021","04","08","21","01","00","Ethan Tasch","Room",58,0.834,0.48,0.689,0.0518,114.034,45.65009088,114.034,45.65009088
"258","2021","04","12","13","49","00","Still Woozy","Window",71,0.714,0.483,0.436,2.3e-05,91.025,31.39106355,91.025,31.39106355
"259","2021","04","12","22","16","00","Still Woozy","Window",71,0.714,0.483,0.436,2.3e-05,91.025,31.39106355,91.025,31.39106355
"260","2021","04","14","17","49","00","Black Pumas","Colors",66,0.546,0.696,0.0887,1.84e-05,89.882,34.156598112,89.882,30.530305946
"261","2021","04","14","22","03","00","Still Woozy","Window",71,0.714,0.483,0.436,2.3e-05,91.025,31.39106355,91.025,30.530305946
"262","2021","04","14","22","15","00","The Neighbourhood","Daddy Issues",86,0.588,0.521,0.0678,0.149,85.012,26.043256176,96.7243,30.530305946
"263","2021","04","15","23","35","00","Black Pumas","Colors",66,0.546,0.696,0.0887,1.84e-05,89.882,34.156598112,89.882,34.156598112
"264","2021","04","17","00","10","00","Still Woozy","Window",71,0.714,0.483,0.436,2.3e-05,91.025,31.39106355,91.025,31.4368789875
"265","2021","04","17","00","18","00","Black Pumas","Colors",66,0.546,0.696,0.0887,1.84e-05,89.882,34.156598112,89.882,31.4368789875
"266","2021","04","17","21","13","00","The Neighbourhood","Daddy Issues",86,0.588,0.521,0.0678,0.149,85.012,26.043256176,96.7243,31.4368789875
"267","2021","04","17","21","25","00","Black Pumas","Colors",66,0.546,0.696,0.0887,1.84e-05,89.882,34.156598112,89.882,31.4368789875
"268","2021","04","19","04","16","00","Doja Cat","Kiss Me More (feat. SZA)",98,0.762,0.701,0.235,0.000158,110.968,59.274888816,110.968,45.332976183
"269","2021","04","19","17","23","00","Still Woozy","Window",71,0.714,0.483,0.436,2.3e-05,91.025,31.39106355,91.025,45.332976183
"270","2021","04","20","13","41","00","The Neighbourhood","Daddy Issues",86,0.588,0.521,0.0678,0.149,85.012,26.043256176,96.7243,30.3581544252
"271","2021","04","20","14","48","00","Black Pumas","Colors",66,0.546,0.696,0.0887,1.84e-05,89.882,34.156598112,89.882,30.3581544252
"272","2021","04","20","19","00","00","Black Pumas","Colors",66,0.546,0.696,0.0887,1.84e-05,89.882,34.156598112,89.882,30.3581544252
"273","2021","04","20","19","02","00","Still Woozy","Window",71,0.714,0.483,0.436,2.3e-05,91.025,31.39106355,91.025,30.3581544252
"274","2021","04","20","19","37","00","The Neighbourhood","Daddy Issues",86,0.588,0.521,0.0678,0.149,85.012,26.043256176,96.7243,30.3581544252
"275","2021","04","21","14","40","00","Black Pumas","Colors",66,0.546,0.696,0.0887,1.84e-05,89.882,34.156598112,89.882,34.156598112
"276","2021","04","23","20","16","00","The Neighbourhood","Daddy Issues",86,0.588,0.521,0.0678,0.149,85.012,26.043256176,96.7243,28.717159863
"277","2021","04","23","21","42","00","Still Woozy","Window",71,0.714,0.483,0.436,2.3e-05,91.025,31.39106355,91.025,28.717159863
"278","2021","04","25","15","46","00","Still Woozy","Window",71,0.714,0.483,0.436,2.3e-05,91.025,31.39106355,91.025,33.234753258
"279","2021","04","25","15","50","00","Black Pumas","Colors",66,0.546,0.696,0.0887,1.84e-05,89.882,34.156598112,89.882,33.234753258
"280","2021","04","25","17","13","00","Black Pumas","Colors",66,0.546,0.696,0.0887,1.84e-05,89.882,34.156598112,89.882,33.234753258
"281","2021","04","27","17","28","00","Phoebe Bridgers","Kyoto (Copycat Killer Version)",50,0.149,0.299,0.92,0.00197,83.734,3.730433434,83.734,3.730433434
"282","2021","04","28","00","23","00","Phoebe Bridgers","Kyoto (Copycat Killer Version)",50,0.149,0.299,0.92,0.00197,83.734,3.730433434,83.734,3.730433434
"283","2021","04","29","18","14","00","Phoebe Bridgers","Kyoto (Copycat Killer Version)",50,0.149,0.299,0.92,0.00197,83.734,3.730433434,83.734,3.730433434
"284","2021","04","30","13","38","00","Phoebe Bridgers","Kyoto (Copycat Killer Version)",50,0.149,0.299,0.92,0.00197,83.734,3.730433434,83.734,18.943515773
"285","2021","04","30","20","49","00","Black Pumas","Colors",66,0.546,0.696,0.0887,1.84e-05,89.882,34.156598112,89.882,18.943515773
"286","2021","05","01","19","50","00","Phoebe Bridgers","Kyoto (Copycat Killer Version)",50,0.149,0.299,0.92,0.00197,83.734,3.730433434,83.734,3.730433434
"287","2021","05","02","23","05","00","Still Woozy","Window",71,0.714,0.483,0.436,2.3e-05,91.025,31.39106355,91.025,37.140447771
"288","2021","05","02","23","38","00","The 1975","Robbers",67,0.621,0.692,0.000363,1.75e-05,99.806,42.889831992,99.806,37.140447771
"289","2021","05","04","14","50","00","The Neighbourhood","Sweater Weather",89,0.612,0.807,0.0495,0.0177,124.053,61.267791852,96.7243,39.366915606
"290","2021","05","04","23","44","00","Lord Huron","The Night We Met",81,0.544,0.369,0.969,0.279,87.01,17.46603936,83.7595,39.366915606
"291","2021","05","05","03","10","00","Shawn Mendes","Wonder",80,0.333,0.637,0.131,1.8e-05,139.898,29.675303658,139.898,38.6637900651429
"292","2021","05","05","18","01","00","The Neighbourhood","Sweater Weather",89,0.612,0.807,0.0495,0.0177,124.053,61.267791852,96.7243,38.6637900651429
"293","2021","05","05","19","17","00","girl in red","Rue",68,0.579,0.77,0.12,0.0553,125.011,55.73365413,125.011,38.6637900651429
"294","2021","05","05","19","43","00","Shawn Mendes","Wonder",80,0.333,0.637,0.131,1.8e-05,139.898,29.675303658,139.898,38.6637900651429
"295","2021","05","05","19","53","00","Glass Animals","Heat Waves",84,0.761,0.525,0.44,6.7e-06,80.87,32.30958675,80.87,38.6637900651429
"296","2021","05","05","22","23","00","Glass Animals","Heat Waves",84,0.761,0.525,0.44,6.7e-06,80.87,32.30958675,80.87,38.6637900651429
"297","2021","05","05","22","49","00","Shawn Mendes","Wonder",80,0.333,0.637,0.131,1.8e-05,139.898,29.675303658,139.898,38.6637900651429
"298","2021","05","06","16","26","00","Hozier","Cherry Wine - Live",66,0.418,0.111,0.953,0.00342,82.508,3.828206184,114.724761904762,25.596933863
"299","2021","05","06","16","26","00","Hozier","Cherry Wine - Live",59,0.415,0.11,0.951,0.00234,81.876,3.7376394,114.724761904762,25.596933863
"300","2021","05","06","16","32","00","Glass Animals","Heat Waves",84,0.761,0.525,0.44,6.7e-06,80.87,32.30958675,80.87,25.596933863
"301","2021","05","06","22","05","00","Glass Animals","Heat Waves",84,0.761,0.525,0.44,6.7e-06,80.87,32.30958675,80.87,25.596933863
"302","2021","05","06","22","54","00","Glass Animals","Heat Waves",84,0.761,0.525,0.44,6.7e-06,80.87,32.30958675,80.87,25.596933863
"303","2021","05","06","23","55","00","Dua Lipa","Don't Start Now",42,0.726,0.588,0.00168,0.00814,114.988,49.086997344,114.988,25.596933863
"304","2021","05","07","13","03","00","Glass Animals","Heat Waves",84,0.761,0.525,0.44,6.7e-06,80.87,32.30958675,80.87,47.600347874
"305","2021","05","07","13","26","00","The Neighbourhood","Daddy Issues",86,0.588,0.521,0.0678,0.149,85.012,26.043256176,96.7243,47.600347874
"306","2021","05","07","13","36","00","The Neighbourhood","Sweater Weather",89,0.612,0.807,0.0495,0.0177,124.053,61.267791852,96.7243,47.600347874
"307","2021","05","07","13","44","00","Miley Cyrus","Midnight Sky",79,0.705,0.814,0.00115,0.00312,110,63.1257,110,47.600347874
"308","2021","05","07","14","26","00","Glass Animals","Heat Waves",84,0.761,0.525,0.44,6.7e-06,80.87,32.30958675,80.87,47.600347874
"309","2021","05","07","14","28","00","The Neighbourhood","Sweater Weather",89,0.612,0.807,0.0495,0.0177,124.053,61.267791852,96.7243,47.600347874
"310","2021","05","07","21","43","00","Glass Animals","Heat Waves",84,0.761,0.525,0.44,6.7e-06,80.87,32.30958675,80.87,47.600347874
"311","2021","05","07","23","47","00","Saweetie","Best Friend (feat. Doja Cat)",89,0.84,0.766,0.00302,3.61e-06,94.018,60.49494192,94.018,47.600347874
"312","2021","05","07","23","55","00","Doja Cat","Kiss Me More (feat. SZA)",98,0.762,0.701,0.235,0.000158,110.968,59.274888816,110.968,47.600347874
"313","2021","05","08","00","38","00","Thundercat","Funny Thing",74,0.586,0.893,0.827,0.642,140.023,73.273755854,140.023,52.791671302
"314","2021","05","08","18","15","00","Glass Animals","Heat Waves",84,0.761,0.525,0.44,6.7e-06,80.87,32.30958675,80.87,52.791671302
"315","2021","05","09","14","36","00","Josh Turner","Why Don't We Just Dance",67,0.677,0.776,0.42,0.000689,121.834,64.005735568,121.834,32.7492812104
"316","2021","05","09","14","40","00","Glass Animals","Heat Waves",84,0.761,0.525,0.44,6.7e-06,80.87,32.30958675,80.87,32.7492812104
"317","2021","05","09","16","45","00","Glass Animals","Heat Waves",84,0.761,0.525,0.44,6.7e-06,80.87,32.30958675,80.87,32.7492812104
"318","2021","05","09","20","13","00","Phoebe Bridgers","Kyoto (Copycat Killer Version)",50,0.149,0.299,0.92,0.00197,83.734,3.730433434,83.734,32.7492812104
"319","2021","05","09","21","07","00","Still Woozy","Window",71,0.714,0.483,0.436,2.3e-05,91.025,31.39106355,91.025,32.7492812104
"320","2021","05","10","03","07","00","Glass Animals","Heat Waves",84,0.761,0.525,0.44,6.7e-06,80.87,32.30958675,80.87,29.821055324
"321","2021","05","10","14","39","00","Glass Animals","Heat Waves",84,0.761,0.525,0.44,6.7e-06,80.87,32.30958675,80.87,29.821055324
"322","2021","05","10","22","07","00","Rex Orange County","It's Not The Same Anymore",72,0.666,0.317,0.873,3.74e-05,117.676,24.843992472,117.676,29.821055324
"323","2021","05","11","20","42","00","The Neighbourhood","Daddy Issues",86,0.588,0.521,0.0678,0.149,85.012,26.043256176,96.7243,26.043256176
"324","2021","05","11","22","24","00","The Neighbourhood","Daddy Issues",86,0.588,0.521,0.0678,0.149,85.012,26.043256176,96.7243,26.043256176
"325","2021","05","12","15","45","00","Glass Animals","Heat Waves",84,0.761,0.525,0.44,6.7e-06,80.87,32.30958675,80.87,32.158160377
"326","2021","05","12","15","49","00","Still Woozy","Window",71,0.714,0.483,0.436,2.3e-05,91.025,31.39106355,91.025,32.158160377
"327","2021","05","12","15","50","00","Still Woozy","Window",71,0.714,0.483,0.436,2.3e-05,91.025,31.39106355,91.025,32.158160377
"328","2021","05","12","15","51","00","Black Pumas","Colors",66,0.546,0.696,0.0887,1.84e-05,89.882,34.156598112,89.882,32.158160377
"329","2021","05","12","15","59","00","Still Woozy","Window",71,0.714,0.483,0.436,2.3e-05,91.025,31.39106355,91.025,32.158160377
"330","2021","05","12","22","43","00","Glass Animals","Heat Waves",84,0.761,0.525,0.44,6.7e-06,80.87,32.30958675,80.87,32.158160377
"331","2021","05","13","20","47","00","Glass Animals","Heat Waves",84,0.761,0.525,0.44,6.7e-06,80.87,32.30958675,80.87,32.5417087905
"332","2021","05","13","21","16","00","Black Pumas","Colors",66,0.546,0.696,0.0887,1.84e-05,89.882,34.156598112,89.882,32.5417087905
"333","2021","05","13","22","27","00","Still Woozy","Window",71,0.714,0.483,0.436,2.3e-05,91.025,31.39106355,91.025,32.5417087905
"334","2021","05","13","23","11","00","Glass Animals","Heat Waves",84,0.761,0.525,0.44,6.7e-06,80.87,32.30958675,80.87,32.5417087905
"335","2021","05","14","19","23","00","Glass Animals","Heat Waves",84,0.761,0.525,0.44,6.7e-06,80.87,32.30958675,80.87,32.925257204
"336","2021","05","14","19","46","00","Black Pumas","Colors",66,0.546,0.696,0.0887,1.84e-05,89.882,34.156598112,89.882,32.925257204
"337","2021","05","14","21","59","00","Glass Animals","Heat Waves",84,0.761,0.525,0.44,6.7e-06,80.87,32.30958675,80.87,32.925257204
"338","2021","05","15","20","49","00","Incubus","Are You In?",61,0.526,0.587,0.24,0.243,93.986,29.019305332,93.986,29.019305332
"339","2021","05","16","04","37","00","Kings of Leon","On Call",57,0.307,0.791,0.0285,0.000804,193.356,46.953990972,193.356,42.11141043
"340","2021","05","16","04","37","00","Kings of Leon","On Call",57,0.307,0.791,0.0285,0.000804,193.356,46.953990972,193.356,42.11141043
"341","2021","05","16","04","37","00","Angus & Julia Stone","Big Jet Plane",64,0.762,0.387,0.239,0.00756,109.959,32.426249346,109.959,42.11141043
"342","2021","05","17","02","12","00","Phoebe Bridgers","Kyoto (Copycat Killer Version)",50,0.149,0.299,0.92,0.00197,83.734,3.730433434,83.734,16.641299414
"343","2021","05","17","03","49","00","Duncan Laurence","Arcade",87,0.45,0.329,0.818,0.00109,71.884,10.6424262,71.884,16.641299414
"344","2021","05","17","19","17","00","Hozier","Cherry Wine - Live",66,0.418,0.111,0.953,0.00342,82.508,3.828206184,114.724761904762,16.641299414
"345","2021","05","17","19","17","00","Hozier","Cherry Wine - Live",59,0.415,0.11,0.951,0.00234,81.876,3.7376394,114.724761904762,16.641299414
"346","2021","05","17","23","35","00","The Neighbourhood","Sweater Weather",89,0.612,0.807,0.0495,0.0177,124.053,61.267791852,96.7243,16.641299414
"347","2021","05","18","01","20","00","Hozier","Cherry Wine - Live",66,0.418,0.111,0.953,0.00342,82.508,3.828206184,114.724761904762,7.8809489156
"348","2021","05","18","01","20","00","Hozier","Cherry Wine - Live",59,0.415,0.11,0.951,0.00234,81.876,3.7376394,114.724761904762,7.8809489156
"349","2021","05","18","01","38","00","Lord Huron","The Night We Met",81,0.544,0.369,0.969,0.279,87.01,17.46603936,83.7595,7.8809489156
"350","2021","05","18","02","16","00","Duncan Laurence","Arcade",87,0.45,0.329,0.818,0.00109,71.884,10.6424262,71.884,7.8809489156
"351","2021","05","18","23","07","00","Phoebe Bridgers","Kyoto (Copycat Killer Version)",50,0.149,0.299,0.92,0.00197,83.734,3.730433434,83.734,7.8809489156
"352","2021","05","19","00","11","00","The Lumineers","Ophelia",56,0.664,0.573,0.613,0.000363,76.023,28.924622856,93.1653333333333,28.924622856
"353","2021","05","21","04","39","00","Still Woozy","Window",71,0.714,0.483,0.436,2.3e-05,91.025,31.39106355,91.025,21.0474945368571
"354","2021","05","21","17","46","00","Hozier","Cherry Wine - Live",66,0.418,0.111,0.953,0.00342,82.508,3.828206184,114.724761904762,21.0474945368571
"355","2021","05","21","17","46","00","Hozier","Cherry Wine - Live",59,0.415,0.11,0.951,0.00234,81.876,3.7376394,114.724761904762,21.0474945368571
"356","2021","05","21","18","12","00","Lord Huron","The Night We Met",81,0.544,0.369,0.969,0.279,87.01,17.46603936,83.7595,21.0474945368571
"357","2021","05","21","18","23","00","Shawn Mendes","Wonder",80,0.333,0.637,0.131,1.8e-05,139.898,29.675303658,139.898,21.0474945368571
"358","2021","05","21","18","29","00","The Lumineers","Ophelia",56,0.664,0.573,0.613,0.000363,76.023,28.924622856,93.1653333333333,21.0474945368571
"359","2021","05","21","22","12","00","Glass Animals","Heat Waves",84,0.761,0.525,0.44,6.7e-06,80.87,32.30958675,80.87,21.0474945368571
"360","2021","05","22","15","11","00","Lord Huron","Not Dead Yet",66,0.491,0.809,0.33,0.158,74.008,29.397383752,83.7595,31.0326780173333
"361","2021","05","22","15","19","00","Still Woozy","Window",71,0.714,0.483,0.436,2.3e-05,91.025,31.39106355,91.025,31.0326780173333
"362","2021","05","22","22","56","00","Glass Animals","Heat Waves",84,0.761,0.525,0.44,6.7e-06,80.87,32.30958675,80.87,31.0326780173333
"363","2021","05","23","00","40","00","Black Pumas","Colors",66,0.546,0.696,0.0887,1.84e-05,89.882,34.156598112,89.882,32.619082804
"364","2021","05","23","02","03","00","Glass Animals","Heat Waves",84,0.761,0.525,0.44,6.7e-06,80.87,32.30958675,80.87,32.619082804
"365","2021","05","23","23","45","00","Still Woozy","Window",71,0.714,0.483,0.436,2.3e-05,91.025,31.39106355,91.025,32.619082804
"366","2021","05","24","22","49","00","Still Woozy","Window",71,0.714,0.483,0.436,2.3e-05,91.025,31.39106355,91.025,31.39106355
"367","2021","05","25","03","50","00","Black Pumas","Colors",66,0.546,0.696,0.0887,1.84e-05,89.882,34.156598112,89.882,37.583520099
"368","2021","05","25","04","03","00","Still Woozy","Window",71,0.714,0.483,0.436,2.3e-05,91.025,31.39106355,91.025,37.583520099
"369","2021","05","25","05","19","00","girl in red","Rue",68,0.579,0.77,0.12,0.0553,125.011,55.73365413,125.011,37.583520099
"370","2021","05","25","13","44","00","Duncan Laurence","Arcade",87,0.45,0.329,0.818,0.00109,71.884,10.6424262,71.884,37.583520099
"371","2021","05","25","13","56","00","The Neighbourhood","Sweater Weather",89,0.612,0.807,0.0495,0.0177,124.053,61.267791852,96.7243,37.583520099
"372","2021","05","25","14","52","00","Glass Animals","Heat Waves",84,0.761,0.525,0.44,6.7e-06,80.87,32.30958675,80.87,37.583520099
"373","2021","05","26","16","57","00","Still Woozy","Window",71,0.714,0.483,0.436,2.3e-05,91.025,31.39106355,91.025,31.39106355
"374","2021","05","27","18","36","00","Glass Animals","Heat Waves",84,0.761,0.525,0.44,6.7e-06,80.87,32.30958675,80.87,32.30958675
"375","2021","05","30","21","39","00","Glass Animals","Heat Waves",84,0.761,0.525,0.44,6.7e-06,80.87,32.30958675,80.87,33.233092431
"376","2021","05","30","21","43","00","Black Pumas","Colors",66,0.546,0.696,0.0887,1.84e-05,89.882,34.156598112,89.882,33.233092431
